,rating,price,weight,composition,packed_size,size
Tente à arceaux de camping - Arpenaz 4.1 - 4 Personnes - 1 Chambre,4.13,120.0,10.2,"Tissu principal
100% Polyester
Arceau
100% Fibre de verre
Chambre intérieure
100% Polyester
Tapis de sol
100% Polyéthylène
Sac de transport
100% Polyester","Housse rectangulaire | 60 x 24 x 24 cm | 35 litres | 10,2 kg",Chambre : 240 x 210 cm | Séjour debout : 5 m² avec tapis de sol cuvette
Tente de camping - MH100 - 2 places,4.47,30.0,2.6,"Tissu principal
75% Polyester, 25% Polyéthylène
Arceau
100% Fibre de verre","Dimensions de la housse : 58cm x 16cm x 16cm / 15 L. Poids : 2,6 kg",Chambre 130 X 210 cm. (2 couchages de 65cm) Hauteur max. utile : 107 cm
Tente de camping - 2 SECONDS - 3 places,4.6,100.0,3.562,"Double toit
100% Polyester
Chambre intérieure
100% Polyester
Tapis de sol
100% Polyéthylène
Arceau
100% Fibre de verre
Sac de transport
100% Polyester","Dimension de la housse : Ø77x9 cm / 41,9 L. Poids : 3,6 kg.","Chambre 180 X 210 cm.
Hauteur max. utile : 104 cm."
Tente de camping - 2 SECONDS - 2 places,4.4,65.0,2.9,"Tissu principal
75% Polyester, 25% Polyéthylène
Arceau
100% Fibre de verre","Dimension de la housse : Ø65x7 cm / 23,2 L. Poids : 2,9 kg.","Chambre 120 x 210 cm.
Hauteur max utile : 102 cm .
Surface 3,2 m²."
Séjour à arceaux de camping - Arpenaz Base - 6 Personnes,4.2,120.0,7.95,"Arceau
100% Fibre de verre
Tissu principal
100% Polyester
Tapis de sol
100% Polyéthylène
Piquet
100% Acier
Sac de transport
100% Polyester",Housse cylindrique | 57 x 18 cm | 18 litres | 8 kg,"Hauteur : 2,15 m | Surface au sol : 6,25 m² | Confortable jusqu'à 6 personnes"
Tente de camping - MH100 - 2 places - Fresh & Black,4.51,60.0,3.0,"Arceau
100% Fibre de verre
Chambre intérieure
55% Polyéthylène, 45% Polyester
Double toit
100% Polyester
Sac de transport
100% Polyester",Dimension de la housse : 58cm x 15cm x 14 cm / 12 L. Poids : 3 kg.,Chambre 130 X 210 cm. Hauteur max. utile : 106 cm.
Tente dôme de trekking - 2 places - MT500 Fresh & Black,4.17,150.0,3.1,"Chambre intérieure
80% Polyester, 20% Polyuréthane thermoplastique
Tissu principal
80% Polyester, 20% Polyuréthane thermoplastique
Arceau
100% Aluminium","Poids total 3,1 kg.
Housse de compression 11 litres.
Dimensions 39x17x17 cm","largeur 60 cm par personne.
Hauteur chambre 108 cm.
2 portes 2 absides 4 poches"
Tente de camping - 2 SECONDS - 3 places - Fresh & Black,4.54,120.0,3.9,"Double toit
100% Polyester
Tissu intérieur
100% Polyester
Tapis de sol
100% Polyéthylène
Arceau
100% Fibre de verre
Sac de transport
100% Polyester","Dimension de la housse : Ø77x10 cm / 46,6 L. Poids : 4,2 kg.",Chambre 180 X 210 cm. Hauteur max. utile : 104 cm.
Lot de 2 housses de rangement de trekking - Demi-lune imperméables - 2x7L,4.59,10.0,0.104,"Tissu principal
100% Polyester
Sangle
100% Polypropylène
Enduction
100% Polyuréthane",,
Tente de camping - MH100 - 3 places - Fresh & Black,4.45,75.0,4.1,"Arceau
100% Fibre de verre
Chambre intérieure
55% Polyéthylène, 45% Polyester
Double toit
100% Polyester
Sac de transport
100% Polyester","Dimension de la housse : 60 cm x 20 cm x 18 cm / 21L. Poids : 4,1 kg.",Chambre 195 X 210 cm. Hauteur max. utile : 116 cm
Séjour gonflable de camping - Air Seconds Base Connect Fresh - 6 Personnes,4.03,350.0,13.02,"Double toit
100% Polyester
Arceau
50% Polyuréthane thermoplastique, 30% Polyester, 20% Aluminium
Tapis de sol
100% Polyéthylène
Sac de transport
100% Polyester","Housse rectangulaire | 77 x 29 x 29 cm | 64 litres | 13 kg
Tapis sol détachable","Hauteur max : 2,25 m | Surface au sol : 6,25 m² | Confortable pour 6 personnes"
Tente dôme de trekking - 2 places - MT900 Minimal Editions,4.82,240.0,2.0,"Chambre intérieure
65% Polyamide, 35% Polyester
Tissu principal
80% Polyester, 20% Polyuréthane thermoplastique
Arceau
100% Aluminium","Poids total 1,95 kg
Housse compacte & compressible 5,3 L
Dimensions 39x12x12 cm","Largeur 60 cm par personne
Hauteur chambre 100 cm
2 portes. 2 absides. 4 poches"
Tente dôme de trekking - 2 places - MT500,3.98,140.0,2.78,"Chambre intérieure
80% Polyester, 20% Polyuréthane thermoplastique
Tissu principal
80% Polyester, 20% Polyuréthane thermoplastique
Arceau
100% Aluminium","Poids total 2,95 kg
Housse de compression 9 litres
Dimensions 39 x 16 x 15 cm","Largeur 60 cm par personne.
Hauteur chambre 108 cm.
2 portes 2 absides 2 poches."
CHARIOT DE TRANSPORT PLIANT POUR MATÉRIEL DE CAMPING - TROLLEY,4.44,99.0,8.5,"Cadre
100% Acier
Tissu principal
100% Polyester
Roues de rollers
80% Polyéthylène, 20% Caoutchouc synthétique
Poignée
100% Acrylonitrile butadiène styrène",,
Housse de compression de trekking imperméable - 20 Litres,4.58,12.0,0.107,"Tissu principal
100% Polyester
Sangle
100% Polypropylène
Enduction
100% Polyuréthane",,
Tente de camping - MH100 XL - 3 places - Fresh & Black,4.45,110.0,5.75,"Tissu principal
100% Polyester
Chambre intérieure
100% Polyester
Tapis de sol
100% Polyéthylène
Arceau
100% Fibre de verre","Dimension de la housse : 59 cm x 20 cm x 20 cm / 24L. Poids : 5,8 kg.",Chambre 195 X 210 cm. Hauteur max. utile : 115 cm. 1 zone de rangement.
Tente de camping - MH100 - 3 places,4.4,50.0,4.6,"Tissu principal
75% Polyester, 25% Polyéthylène
Arceau
100% Fibre de verre","Dimensions de la housse : 59cm x 17cm x 17cm / 17 L. Poids : 3,4 kg",Chambre 195 X 210 cm. (3 couchages de 65cm) Hauteur max. utile : 120 cm.
Tente à arceaux de camping - Arpenaz 4 - 4 Personnes - 1 Chambre,3.89,110.0,6.95,"Double toit
100% Polyester
Tissu intérieur
100% Polyester
Arceau
100% Fibre de verre","Dimensions de la housse : 59 cm x 24 cm x 24 cm / 34 L. Poids : 6,95 kg","Chambre : 240 x 210 cm | Séjour assis : 3,9 m²
Surface : 10,4 m²"
Séjour à arceaux de camping - Arpenaz Base Fresh - 10 Personnes,4.41,220.0,11.6,"Tissu principal
95% Polyester, 5% Polyéthylène
Arceau
90% Aluminium, 10% Fibre de verre
Sac de transport
100% Polyester","Housse rectangulaire | 89 x 22 x 30 cm | 58 litres | 11,6 kg","Hauteur : 2,25 m | 9 m² au sol | Espace pour s'asseoir à 10 personnes à table"
TENTE DE TOIT MH500 FRESH & BLACK 2P,4.25,1450.0,58.5,"Tissu principal
100% Polyester
Structure métallique
100% Aluminium","Dimension de la housse :146 x 123 x 35 cm
Poids : tente 48,5kg + échelle 7 kg","Chambre (l) 140 x (L) 240 x (h) 106 cm
Matelas 140 x 235 x 5 cm densité 26kg/m3"
Tente dôme de trekking - 3 places - MT900,4.43,320.0,2.7,"Chambre intérieure
65% Polyamide, 35% Polyester
Tissu principal
80% Polyester, 20% Polyuréthane thermoplastique
Arceau
100% Aluminium","Poids total 2,7 kg
Housse compacte & compressible 9,2 L
Dimensions 39 x16 x15 cm","largeur 60 cm par personne
Hauteur chambre 119 cm
2 portes. 3 absides. 6 poches"
TENTE DE TOIT GONFLABLE MH900 FRESH & BLACK 2 PERSONNES,4.59,1500.0,56.0,"Structure métallique
100% Aluminium
Tissu principal
100% Polyester
Mousse
100% Polyuréthane","Dimension de la housse : 148 x 77 x 35 cm
Poids : tente 45kg + échelle 7 kg","Chambre (l) 145 x (L) 218 x (h) 101 cm
Matelas 138 x 208 x 5 cm densité 26kg/m3"
CHARIOT DE TRANSPORT DE MATERIEL DE PECHE PF- TROLLEY XL,4.38,195.0,18.0,"Chassis
80% Acier, 20% Aluminium
Tissu principal
100% Polyester
Sangle
50% Polypropylène, 50% Polyamide",Roues avant et manche orientables pour plus facilement diriger le chariot,
Social Bivvy Pêche de la carpe XL,4.54,380.0,14.75,"Arceau
90% Fibre de verre, 10% Acier
Tissu principal
100% Polyester",,Très grand volume interne pour des moments de partage et de convivialité.
Tente tarp de trekking - 1 place - MT900 Minimal Editions - Undyed,4.48,150.0,0.95,"Tissu principal
80% Polyester, 20% Polyuréthane thermoplastique","Poids 920 g. Housse compacte & compressible 2,5 L. Dimensions 30 x10 x10 cm",Largeur 60/50 cm. Hauteur chambre 95 cm. 1 porte.1 abside. 1 poche en mesh
Lot de 2 housses de rangement de trekking - Demi-lune imperméables - 2x15L,4.65,12.0,0.154,"Tissu principal
100% Polyester
Sangle
100% Polypropylène
Enduction
100% Polyuréthane",,
Tente à arceaux de camping - Arpenaz 4.1 F&B - 4 Personnes - 1 Chambre,4.21,200.0,10.6,"Tissu principal
100% Polyester
Chambre intérieure
100% Polyester
Arceau
100% Fibre de verre
Tapis de sol
100% Polyéthylène
Sac de transport
100% Polyester","Housse rectangulaire | 65 x 30 x 25 cm | 48 litres | 10,6 kg",Chambre : 240 x 210 cm | Séjour debout : 5 m² | Tapis de sol cuvette
Tente de camping - 2 SECONDS EASY - 2 places - Fresh & Black,4.4,140.0,4.7,"Tissu principal
100% Polyester
Structure métallique
50% Polyoxyméthylène, 50% Fibre de verre","Dimension de la housse : 59 cm x 20 cm x 20 cm / 24 L. Poids : 4,9 kg.",Chambre 145 X 205 cm Hauteur max. utile : 110 cm. 2 zones de stockage chaussures
Tente de camping - 2 SECONDS XL - 3 places - Fresh & Black,4.63,160.0,5.432,"Double toit
100% Polyester
Tissu intérieur
100% Polyester
Tapis de sol
100% Polyéthylène
Arceau
100% Fibre de verre
Sac de transport
100% Polyester","Dimension de la housse : Ø85x9 cm / 51 L. Poids : 5,3 kg.",Chambre 210 X 210 cm. Hauteur max. utile : 115 cm. 1 zone de rangement.
Tente gonflable de camping - Air Seconds 5.2 F&B - 5 Personnes - 2 Chambres,4.4,590.0,22.5,"Tissu principal
100% Polyester
Tapis de sol
100% Polyéthylène
Arceau
100% Polyuréthane, 100% Aluminium
Sac de transport
100% Polyester","Housse rectangulaire | 85 x 35 x 35 cm | 104 litres | 21,8 kg","2 Chambres : 210x210 cm - 140x210 cm | Séjour debout : 7,9 m² | Tapis sol zippé"
TENTE DE TREKKING FERRINO SLING 1 VERTE,3.6,160.0,1.25,,"Poids total : 1,25 kg. Eléments séparables.
Poids mini : 0,95 kg","Largeur max 80 cm, 60 cm au pied, longueur 220 cm. 1 porte et 1 petite abside."
10 PIQUETS EN ACIER POUR TENTE - TERRAINS VARIÉS,4.73,6.0,0.462,"Partie principale
100% Acier",,
Tente de camping - 2 SECONDS - 2 places - Fresh & Black,4.48,100.0,3.284,"Double toit
100% Polyester
Tissu intérieur
100% Polyester
Tapis de sol
100% Polyéthylène
Arceau
100% Fibre de verre
Sac de transport
100% Polyester","Dimension de la housse : Ø65x9 cm / 29,9 L. Poids :3,3 kg.","Chambre 125 X 210 cm.
Hauteur max. utile : 98 cm."
Tente à arceaux de camping - Arpenaz 4.2 F&B - 4 Personnes - 2 Chambres,4.15,280.0,12.5,"Double toit
100% Polyester
Tissu intérieur
100% Polyester
Tapis de sol
100% Polyéthylène
Arceau
100% Fibre de verre","Housse rectangulaire | 60 x 30 x 30 cm | 54 litres | 12,5 kg","Chambres : 140 x 210 cm | Séjour debout : 3,5 m² | Tapis de sol cuvette"
TARP ABRI CAMPING MULTIFONCTION - FRESH,4.33,50.0,2.28,"Arceau
100% Acier
Tissu principal
100% Polyester
Piquet
100% Acier
Sac de transport
100% Polyester","Dimensions housse 54 cm x 20cm x 10 cm / 10 L. Poids 2,2kg ou 1kg sans les mâts.",Permet d'obtenir jusqu'à 8 m² de surface protégée suivant la configuration.
Tente de camping - MH100 XL - 2 places - Fresh & Black,4.43,90.0,4.4,"Tissu principal
100% Polyester
Chambre intérieure
100% Polyester
Tapis de sol
100% Polyéthylène
Arceau
100% Fibre de verre
Sac de transport
100% Polyester","Dimension de la housse : 59 cm x 17 cm x 17 cm / 17L. Poids : 4,5 kg.",Chambre 130 X 210 cm. Hauteur max. utile : 112 cm. 1 zone de rangement.
Abri de camping - Arpenaz Fresh Instant Canopy - 8 Personnes,3.88,150.0,16.9,"Structure métallique
100% Acier
Tissu principal
100% Polyester
Sac de transport
100% Polyester","Housse rectangulaire | 118 x 30 x 21 cm | 75 litres | 14,5 kg","Hauteur : 2,69 m | 9 m² au sol | Espace pour s'asseoir à 8 personnes à table"
Tente dôme de trekking - 2 places - MT900,4.33,250.0,2.0,"Chambre intérieure
65% Polyamide, 35% Polyester
Tissu principal
80% Polyester, 20% Polyuréthane thermoplastique
Arceau
100% Aluminium","Poids total 1,95 kg
Housse compacte & compressible 5,3 L
Dimensions 39x12x12 cm","Largeur 60 cm par personne
Hauteur chambre 100 cm
2 portes. 2 absides. 4 poches"
2 MÂTS DE CAMPING,4.53,12.0,1.344,"Arceau
98% Acier inoxydable, 2% Polypropylène",,
Tente dôme de trekking - 3 places - MT500,3.77,180.0,3.4,"Chambre intérieure
80% Polyester, 20% Polyuréthane thermoplastique
Tissu principal
80% Polyester, 20% Polyuréthane thermoplastique
Arceau
100% Aluminium","Poids total 3,75 kg
Housse de compression : 12,5 litres
Dimensions 39x18x18 cm","Largeur 60 cm par personne.
Hauteur chambre 119 cm.
2 portes 2 absides 3 poches."
Tente tunnel de trekking - 4 places - MT900 Ultralight,3.74,370.0,3.6,"Tissu principal
70% Polyamide, 30% Polyuréthane
Doublure principale
80% Polyester, 20% Polyuréthane
Arceau
100% Aluminium","Poids total 3,45 kg
Housse compacte et compressible 20 L
Dimensions 39x20x20 cm","Largeur 57 cm par pers
Hauteur chambre 122 cm
Grand séjour 4,9 m²"
"Tarp de trekking - 1,5 places - MT900",4.11,70.0,0.662,"Tissu principal
80% Polyester, 20% Polyuréthane thermoplastique","Poids total 500 g.
Housse compacte : 1,5 litres.
Dimensions 15 cm x Ø 10 cm",Abrite jusqu'à 2 personnes suivant la configuration choisie. Multiples montages.
Social Bivvy L Pêche de la carpe,4.22,250.0,12.0,"Arceau
90% Fibre de verre, 10% Acier
Tissu principal
100% Polyester
Bouclerie
100% Polypropylène",,Très grand volume interne pour des moments de partage et de convivialité.
Tente à arceaux de camping - Arpenaz 5.2 F&B - 5 Personnes - 2 Chambres,4.3,350.0,16.13,"Double toit
100% Polyester
Tissu intérieur
100% Polyester
Tapis de sol
100% Polyéthylène
Arceau
100% Fibre de verre
Sac de transport
100% Polyester","Housse rectangulaire | 60 x 36 x 36 cm | 78 L | 16,7 Kg",2 Chambres : 210x210 cm - 140x210 cm | Séjour debout : 5 m² | Tapis sol cuvette
POMPE À MAIN CAMPING - ULTIM COMFORT 10 PSI - RECOMMANDÉE POUR TENTE GONFLABLE,4.57,28.0,1.4,"Structure métallique
100% Polypropylène
Partie principale
100% Polyamide
Poignée
100% Acrylonitrile butadiène styrène
Connecteur de valve
70% Polyéthylène, 30% Éthylène-acétate de vinyle","Poids : 1000 g | 56,9 x 22,5 x 10,5 cm",
PELLE-PIOCHE PLIANTE POUR LE CAMPING,4.64,16.0,0.8,"Partie principale
100% Acier inoxydable
Sac de transport
100% Polyester","Longueur plié : 25 cm | Longueur déplié : 58 cm | Poids avec housse : 1,08 kg",
Tente gonflable de camping - Air Seconds 6.3 F&B - 6 Personnes - 3 Chambres,4.55,690.0,25.5,"Tissu principal
100% Polyester
Tapis de sol
100% Polyéthylène
Sac de transport
100% Polyester
Arceau
100% Aluminium","Housse rectangulaire | 85 x 38 x 38 cm | 128 litres | 25,9 kg","Chambres : 140 x 210 cm | Séjour debout : 7,1 m² avec tapis de sol cuvette zippé"
Tente gonflable de camping - Air Seconds 8.4 F&B - 8 Places - 4 Chambres,4.0,900.0,29.0,"Tissu principal
100% Polyester
Tapis de sol
100% Polyéthylène
Arceau
100% Fibre de verre
Sac de transport
100% Polyester",Housse rectangulaire | 87 x 40 x 45 cm | 139 litres | 29 kg,Chambres : 147 x 210 cm | Séjour debout : 9 m² avec tapis de sol cuvette zippé
6 PIQUETS DE TENTE - SOLS DURS,4.83,11.0,0.562,"Partie principale
90% Acier, 10% Polyamide",,
TENTE DE TREKKING FERRINO SLING 2 VERTE,3.0,220.0,1.65,,"Poids total : 1,7 kg. Eléments séparables. Poids mini : 1,5 kg","Largeur max 120 cm, 90 cm au pied, longueur 220 cm. 1 porte et 1 abside."
Tente à arceaux de camping - Arpenaz 4.2 - 4 Personnes - 2 Chambres,4.21,180.0,11.7,"Double toit
100% Polyester
Tissu intérieur
100% Polyester
Tapis de sol
100% Polyéthylène
Arceau
100% Fibre de verre
Sac de transport
100% Polyester","Housse rectangulaire | 60 x 26 x 26 cm | 40 litres | 11,7 kg","Chambres : 140 x 210 cm | Séjour debout : 3,5 m² avec tapis de sol cuvette"
Tente dôme de trekking - 2 places - MT500 Mesh,3.91,150.0,2.6,"Tissu principal
80% Polyester, 20% Polyuréthane thermoplastique
Arceau
100% Aluminium","Poids total 2,6 kg. Housse de compression 9 L. Dimensions 39 x 16 x 15 cm",Largeur 60 cm/personne. Hauteur chambre 108 cm. 2 portes. 2 absides. 2 poches
Lot de 2 housses de rangement universelles - 2x10L,4.78,6.0,0.118,"Tissu principal
100% Polyester",,
TARP ABRI CAMPING MULTIFONCTION,4.1,35.0,2.385,"Arceau
100% Acier
Tissu principal
100% Polyester
Piquet
100% Acier
Sac de transport
100% Polyester","Dimensions housse 54 cm x 20cm x 10 cm / 10 L. Poids 2,3kg ou 1kg sans les mâts.",Permet d'obtenir jusqu'à 8 m² de surface protégée suivant la configuration.
Tente gonflable de camping - Air Seconds 4.2 F&B - 4 Personnes - 2 Chambres,4.52,490.0,18.5,"Double toit
100% Polyester
Chambre intérieure
100% Polyester
Arceau
50% Polyester, 40% Polyuréthane thermoplastique, 5% Fibre de verre, 5% Aluminium
Tapis de sol
100% Polyéthylène
Sac de transport
100% Polyester","Housse rectangulaire | 75 x 37 x 37 cm | 102 litres | 18,5 kg",Chambres : 140 x 260 cm | Séjour debout : 5.9 m² avec tapis de sol cuvette zippé
DRAP HOUSSE POUR TENTE DE TOIT MH500 2P,5.0,35.0,0.67,"Tissu principal
65% Polyester, 35% Coton",,
Tente de camping - 2 SECONDS XL - 2 places - Fresh & Black,4.61,140.0,4.236,"Double toit
100% Polyester
Tissu intérieur
100% Polyester
Tapis de sol
100% Polyéthylène
Arceau
100% Fibre de verre
Sac de transport
100% Polyester","Dimension de la housse : Ø74x9 cm / 38,7 L. Poids : 4,3 kg.",Chambre 145 X 210 cm. Hauteur max. utile : 105 cm. 1 zone de rangement.
SOUS MATELAS ANTI-CONDENSATION POUR TENTE DE TOIT MH900 2P,,70.0,1.5,"Tissu principal
100% Polyester",,
Tente en sacoche souple Thule Tepui Ayer,,1499.95,,,,
Abri à arceaux de camping - 1 place - Arpenaz 1P,4.24,15.0,1.1,"Tissu principal
100% Polyester
Tapis de sol
100% Polyéthylène
Arceau
100% Fibre de verre
Sac de transport
100% Polyester","Compact une fois plié, dimensions de la housse en cm : 37 x Ø10 I Léger 1kg.",​Abrite 1 adulte ou 2 enfants | Largeur 170cm I Profondeur 150cm I Hauteur 110cm
Tente gonflable de camping - Air Seconds 4.1 F&B - 4 Personnes - 1 Chambre,4.43,390.0,14.5,"Double toit
100% Polyester
Tissu intérieur
100% Polyester
Arceau
55% Polyuréthane thermoplastique, 35% Polyester, 5% Fibre de verre, 5% Aluminium
Tapis de sol
100% Polyéthylène
Sac de transport
100% Polyester",Housse rectangulaire | 75 x 35 x 35 cm | 92 litres | 15 kg,"Chambre : 280 x 210 cm | Séjour debout : 6,5 m² | Tapis de sol cuvette zippé"
MAILLET DE CAMPING TERRAIN DUR,4.73,14.0,0.42,"Partie principale
75% Acier, 25% Aluminium",,
Piquets alu non-anodisés ultra légers - MT900 - 10 g (x5),4.63,10.0,0.045,"Tissu principal
100% Aluminium",,
"Tente tunnel Montana Sleeper 14 Protect - 14 pers - 2 cabines sombres, Sol cousu",,699.0,,,,
TENTE TROPICAL AUTOPORTANTE MOUSTIQUAIRE DE TREKKING - 2 pers,5.0,60.0,2.0,"Tapis de sol
100% Polyester
Tissu principal
100% Polyester
Arceau
100% Fibre de verre
Enduction
100% Polyuréthane
Sac de transport
100% Polyester","Dimension tente pliée : 50 cm x 30 cm
Housse de rangement compressible.","2 personnes
Largeur 60 cm par personne
Hauteur chambre : 105 cm"
Tente tunnel Egersund 7 Plus Sleeper - 7 personnes - Sol cousu - 1 cabine noire,,499.0,,,,
2 haubans et 4 tendeurs pour tente,4.68,6.0,0.13,"Tissu principal
100% Polyester",,
MAILLET DE CAMPING,4.59,6.0,0.302,"Partie principale
100% Caoutchouc styrène-butadiène latex
Poignée
100% Acier",,
Séjour gonflable de camping - Base Air Seconds Fresh - 8 Personnes,4.56,360.0,14.9,"Double toit
100% Polyester
Tapis de sol
100% Polyéthylène
Arceau
100% Fibre de verre
Sac de transport
100% Polyester",,"Hauteur max : 2,3 m | Surface au sol : 9 m² | Confortable pour 8 personnes"
AUVENT DE CAMPING - ARPENAZ FRESH - 6 PERSONNES,3.97,90.0,4.517,"Arceau
100% Acier
Tissu principal
100% Polyester
Piquet
100% Acier
Sac de transport
100% Polyester","Housse rectangulaire |  85 x 16 x 15 cm | 4,5 kg",Permet d'obtenir jusqu'à 9 m² de surface protégée suivant la configuration
TARP ABRI CAMPING MULTIFONCTION - FRESH XL,3.58,80.0,5.687,"Arceau
100% Acier
Tissu principal
100% Polyester
Piquet
100% Acier
Sac de transport
100% Polyester","Dimensions housse 45 cm x 40 cm x 20 cm.
Poids 5,8 kg",Permet d'obtenir jusqu'à 14 m² de surface protégée suivant la configuration.
Abri de camping instantané 4 places - Base Easy 4P UltraFresh,4.14,80.0,3.3,"Tissu principal
100% Polyester
Arceau
100% Fibre de verre
Tapis de sol
100% Polyéthylène
Sac de transport - Tissu principal
100% Polyester","Housse avec sangle réglable, dimensions : 90 cm x Ø 14 cm I Léger 3,5 kg.","Spacieux, pour 4 personnes | Dimensions : 190 x 190 x 140 cm de hauteur."
Auvent Avancée Pitea Van - Autoportant pour minibus/Van - 300x300cm - Gris,3.44,249.0,,,,
TENTE DE TREKKING LIGHTENT PRO 3 2022,,240.0,1.65,,"Poids total : 2,8 kg.
Sans housses : 2,5 kg
Poids double toit : 1,8 kg","Largeur 160 cm, longueur 235 cm. 2 portes et 2 grandes absides."
HOUSSE POUR TENTE DE TOIT MH500 FRESH&BLACK 2P,3.0,100.0,2.98,"Tissu principal
100% Polychlorure de vinyle",,
Tente de camping - MH100 - 3 places - Fresh,4.11,75.0,4.1,"Tissu principal
100% Polyester
Arceau
100% Fibre de verre
Enduction
100% Polyuréthane
Sac de transport
100% Polyester","Dimensions de la housse: 57cm x 15cm x 15cm / 13 L. Poids : 4,1 kg",Chambre 210 X 210 cm. Hauteur max. utile : 120 cm
Tente tunnel Kambo 4 - Tente Camping 4 personnes - 1 cabine sombre - 3 entrées,,169.0,,,,
FILET UNIVERSEL POUR TENTE OU SÉJOUR DE CAMPING - 6 POCHES DE DIFFÉRENTS FORMATS,4.48,10.0,0.088,"Tissu principal
100% Polyester
Bouclerie
100% Polyoxyméthylène",,
10 CORNIÈRES DE TENTE - SOLS MOUS OU MEUBLES,4.66,7.0,0.462,"Partie principale
100% Acier",,
Bushmen Tarp Ultraléger 3x2 - Olive Foncé,,89.99,,,,
Abri à arceaux de camping - 4 places - Arpenaz 4P,5.0,50.0,1.95,"Arceau
100% Fibre de verre
Tissu principal
100% Polyester
Tapis de sol
100% Polyéthylène","Housse avec sangle réglable I Compact, dimensions : 55 x Ø 14 cm I Léger 1,95 kg","Abrite jusqu'à 4 personnes | Dimensions : 170 x 110 cm, hauteur : 115 cm."
Flextail Gear Bollard Cart Pliable Ezy wagon - Jusqu'à 100KG - Noir,,169.95,,,,
DRAP HOUSSE POUR TENTE DE TOIT MH900 2P,5.0,50.0,0.67,"Tissu principal
65% Polyester, 35% Coton",,
Piquets alu non-anodisés - MT500 - 15 g (x5),4.63,8.0,0.09,"Tissu principal
100% Aluminium",,
Haubans de trekking ultra léger réfléchissant,4.25,10.0,0.2,"Tissu principal
100% Polyamide",,
Pompe électrique (Noir),,37.3,,,,
Tente tunnel Kambo 6 - Tente Camping 6 personnes - 1 cabine sombre - 3 entrées,,239.0,,,,
2 haubans et 4 tendeurs réfléchissants pour tente,4.73,8.0,0.136,"Tissu principal
100% Polyester
Bouclerie
100% Polyoxyméthylène
Tissu réfléchissant
100% Polyester",,
ROUE DE RECHANGE - PIÈCE DÉTACHÉE POUR LE TROLLEY ALL ROAD,,15.0,0.38,"Partie principale
100% Polychlorure de vinyle",,
Abri solaire UPF50+ instantané moustiquaire enfant 2 places - Bleu,,39.9,,FER,,
HOUSSE DE PLUIE - PIÈCE DÉTACHÉE POUR LE TROLLEY ET TROLLEY ALL ROAD,5.0,10.0,0.16,"Tissu principal
100% Polyester",,
TARP COMPATIBLE TENTE DE VAN 500 FRESH&BLACK,,45.0,1.7,"Arceau
100% Acier
Tissu principal
100% Polyester
Sac de transport
100% Acier",,Tarp Fresh & Black 189 x 193 cm - livré avec 2 mâts et haubans
Tente bulle de camping - AirSeconds Skyview Polycoton - 2 Personnes - 1 Chambre,,1790.0,36.5,"Tissu principal
58% Polyester, 31% Coton, 11% Polyuréthane
Tapis de sol
53% Polyester, 24.8% Éthylène-acétate de vinyle, 16% Polyuréthane, 6.2% Polyéthylène
Fenêtre
100% Polychlorure de vinyle","Sac transport | 75 x 49 x 49 cm | 180 litres | 36,5 kg tout compris","1 grande Chambre : 355 x 329 cm  8,5 m2 | Tapis de sol cousu"
Tente à arceaux de camping - Arpenaz 6.3 F&B - 6 Personnes - 3 Chambres,4.13,500.0,20.0,"Double toit
100% Polyester
Chambre intérieure
100% Polyester
Tapis de sol
100% Polyéthylène
Arceau
100% Fibre de verre
Sac de transport
100% Polyester",Housse rectangulaire | 60 x 40 x 40cm | 96 litres | 21 Kg,3 Chambres : 140 x (210 /205)cm | Séjour debout : 6 m² avec tapis de sol cuvette
Tente de camping - 2 Seconds EASY - 3 places - Fresh & Black,4.32,250.0,8.2,"Tissu principal
100% Polyester
Structure métallique
50% Polyoxyméthylène, 50% Fibre de verre","Dimension de la housse : 71 cm x 22 cm x 22 cm / 34 L. Poids : 8,2kg.",Chambre 210 X 205 cm Hauteur max. utile : 128 cm. 1 zone de stockage chaussures.
Séjour à arceaux de camping - Base Arpenaz ULTRAFRESH - 10 Personnes,3.25,200.0,12.2,"Tissu principal
100% Polyester
Arceau
100% Acier
Sac de transport
100% Polyester","Housse rectangulaire | 58 x 27 x 27 cm | 42 litres | 12,2 kg","Hauteur : 2,3 m | 11 m² au sol | Espace pour s'asseoir à 10 personnes à table"
Tente Tipi de camping - Tepee 5.2 Polycoton - 5 Personnes - 2 Chambres,,1299.0,43.7,"Tissu principal
70% Polyester, 30% Coton
Tapis de sol
100% Polyéthylène
Arceau
100% Aluminium
Sac de transport
85% Polyester, 15% Coton","Sac transport à roulette | 102 x 44 x 55 cm | 246 litres | 40,5 kg tout compris",2 Chambres : 210 x 210 cm - 140 x 210 cm | Séjour debout : 9m² | Tapis sol zippé
Tente gonflable de camping - AirSeconds 6.3 Polycoton - 6 Personnes - 3 Chambres,3.0,1350.0,46.0,"Double toit
70% Polyester, 30% Coton
Tapis de sol
100% Polyéthylène
Arceau
50% Polyéthylène, 40% Polyuréthane thermoplastique, 5% Fibre de verre, 5% Aluminium","Sac transport à roulette | 97 x 48 x 53 cm | 247 litres | 45,9 kg tout compris |","Chambres : 140 x 210 cm | Séjour debout : 7,1 m² avec tapis de sol cuvette zippé"
Tente à arceaux de camping - Arpenaz 8.4 - 8 Personnes - 4 Chambres,3.5,500.0,24.0,"Double toit
100% Polyester
Arceau
100% Fibre de verre
Chambre intérieure
100% Polyester
Tapis de sol
100% Polyéthylène
Sac de transport
100% Polyester","Housse rectangulaire | 58 x 38 x 38 cm | 83 litres | 25,3 kg","Chambres : 140 x 210 cm | Séjour debout : 11,7 m² avec tapis de sol cuvette"
Tente tunnel de trekking - 3 places - MT900 Ultralight,3.81,310.0,2.3,"Tissu intérieur
80% Polyamide, 20% Polyuréthane thermoplastique
Tissu principal
80% Polyester, 20% Polyuréthane thermoplastique
Arceau
100% Aluminium","Poids total 2,3 kg
Housse compacte & compressible 8 L
Dimensions 40x17x16 cm","Largeur 60 cm par pers
Hauteur chambre 95 cm
2 portes 1 grande abside 3 poches"
Tente gonflable de camping - AirSeconds 4.2 Polycoton - 4 Personnes - 2 Chambres,5.0,1100.0,37.25,"Tissu principal
70% Polyester, 30% Coton
Tapis de sol
100% Polyéthylène
Arceau
50% Polyéthylène, 40% Polyuréthane thermoplastique, 5% Fibre de verre, 5% Aluminium
Sac de transport
85% Polyester, 15% Coton","Sac transport à roulette | 86 x 56 x 46 cm | 220 litres | 37,3 kg tout compris","Chambres : 140 x 210 cm | Séjour debout : 6,8 m² avec tapis de sol cuvette zippé"
"2 mâts de tente télescopiques 'small' 80-180 cm | Tarp, auvent, voiles d'ombrage",,36.95,,100% aluminium,,
Tente à arceaux de camping - Arpenaz 6 ULTRAFRESH - 6 Personnes -,4.6,250.0,13.8,"Chambre intérieure
100% Polyester
Tapis de sol
100% Polyéthylène
Tissu principal
100% Polyester
Sac de transport
100% Polyester","Housse rectangulaire | 59 x 29 x 29 cm | 50 litres | 13,8 kg",Chambres : 440 x 260 cm | Tapis de sol cousu
Auvent de camping - 2 Seconds EASY - Fresh,5.0,60.0,2.7,"Tissu principal
70% Polyester, 30% Polyéthylène
Arceau
100% Fibre de verre","Dimension de la housse : 58 cm x 14 cm x 14 cm / 11 L. Poids : 2,95 kg",Permet d'obtenir jusqu'à 3 m² de surface protégée suivant la configuration
"PARAVENT DE CAMPING - 4 x 1,45 MÈTRES - 6 PERSONNES",4.48,30.0,2.388,"Arceau
98% Acier inoxydable, 2% Polypropylène
Tissu principal
90% Polyester, 10% Polyuréthane",,"Abrite du vent une table de 6 personnes | Longueur : 4 m | Hauteur : 1,45 m"
CHARIOT PLIANT POUR TRANSPORT DE MATERIEL DE CAMPING,4.68,30.0,2.381,,,
Kit de réparation multi-usage pour le trekking,4.5,8.0,0.1,"Tissu principal
100% Polyester",,
Daisy chain ultra légère et polyvalente,4.6,10.0,0.08,"Tissu principal
100% Polyester",Légère : 40 g. Tient dans une main une fois repliée.,
TARP DE CAMPING - TEPEE POLYCOTON - 6 PERSONNES,3.0,180.0,6.7,"Tissu principal
70% Polyester, 30% Coton
Arceau
100% Aluminium","Sac transport | 88 x 20 x 14 cm | 25 litres | 6,7 kg tout compris",Permet d'obtenir jusqu'à 11 m² de surface protégée suivant la configuration
ROUE DE RECHANGE - PIÈCE DÉTACHÉE POUR LE TROLLEY DE CAMPING,,7.0,0.6,"Partie principale
100% Polychlorure de vinyle",,
SAC DE TRANSPORT - PIÈCE DÉTACHÉE POUR LA TENTE AIR SECONDS 6.3 POLYCOTON,,160.0,6.26,"Tissu principal
85% Polyester, 15% Coton",,
ORGANISATEUR PLIANT POUR LE CAMPING - 3 COMPARTIMENTS,4.75,28.0,0.701,,,
Boite de 20 crochets en acier taille 8 pouces/20cm,,27.99,,"70% Acier, 30% Plastiques",,
SAC UNIVERSEL - PIÈCE DÉTACHÉE POUR TENTES AIR SECONDS & ABRIS,,15.0,0.342,"Sac de transport - Tissu principal
100% Polyester",,
6 PROTECTIONS POUR PIQUETS DE TENTE,4.91,7.0,0.143,"Partie principale
100% Élastomère thermoplastique",,
Tente Remorque gonflable camping - Airsecond 4.2 F&B - 4 Personnes - 2 Chambres,,9990.0,470.0,"Structure métallique
100% Acier
Tissu principal
100% Polyester
Matelas
100% Polyuréthane",Remorque Erdé modèle Daxara 218 équipée d'une roue jockey | 430 kg tout inclus,2 Chambres surélevées : 140 x 200 cm | Séjour debout : 13 m² tapis de sol zippé.
"Tente familiale tunnel Hurricane 12 Protect - 12 places- Sol cousu, 2 cabines",,629.0,,,,
Tente en sacoche souple Thule Tepui Kukenam,,1999.95,,,,
Tente de Toit Quatrö à coque rigide 3 / 4 personnes,,3912.0,,,,
Bushmen Cordes de tension ultralégères - Noir,,28.99,,,,
Tente de Toit Duö à coque rigide 1 / 2 personnes,5.0,2950.0,,,,
Tente de Toit Family à coque rigide 4 / 5 personnes,5.0,4341.0,,,,
Tente Tippi 300 pour camping - 12 personnes - Tipi hauteur 3 m - Beige/Bordeaux,4.0,299.0,,,,
Tente Coleman Polygon 6,,179.9,,,,
Tente de camping gonflable 4 places Raclet ABYSSE 4,3.0,299.0,,"Polyester taffetas 190T/70D enduit polyuréthane, toile en polyester respirant",,
Tente Coleman Octagon Blackout 8,,283.9,,,,
Tambu YANO Tente de toit pour 2 personnes,,2699.0,,"Ripstop TC (coton mélangé 65% polyester et 35% coton), le polyester est issu de bouteilles PET recyclées.",,
"Auvent Avancée Pitea Dome - Autoportant pour véhicule SUV, Van - 2-4 personnes",,319.0,,,,
Tente gonflable de camping - Air Seconds 4.1 - 4 Personnes - 1 Chambre,4.09,250.0,12.62,"Double toit
100% Polyester
Chambre intérieure
100% Polyester
Arceau
55% Polyuréthane thermoplastique, 40% Polyester, 5% Aluminium
Tapis de sol
100% Polyéthylène
Sac de transport
100% Polyester","Housse rectangulaire | 75 x 30 x 32 cm | 72 litres | 12,5 kg","Chambre : 280 x 210 cm | Séjour debout : 6,5 m² avec tapis de sol cuvette"
Auvent bus/van/mini-bus Vejers Travel 2 - Tente camping autoportante 2 personnes,,369.0,,,,
Auvent de fourgon SAPPORO,,314.0,,Polyester 190T 75D PU 3 000 mm,,
Auvent de camping-car SANTA CLARA Taille M,,756.0,,,,
Tente familiale dôme Nimbus 8 Sleeper - camping - 8 Personnes - 3 cabines noires,,599.0,,,,
Tente familiale tunnel Montana 10 Sleeper - 10 personnes - 2 cabines sombres,,569.0,,,,
Tente de randonnée jaya 2 alu jamet,,389.0,,,,
Auvent de caravane gonflable LAGOON,,517.0,,"Polyester Oxford Ripstop 210D PU 5 000 mm, arceaux en Thermo polyuréthane (TPU)",,
Tente de camping dôme Kalmar - 6 Personnes - 2 cabines - toit panoramique,,319.0,,,,
Tente multifonctionnelle multi-usages - Tente camping 3 personnes - 250 x 250 cm,,219.0,,,,
"Tente de camping Tipii 200 - Tipi pour 6 personnes - 3,60m Ø - Beige/Bordeaux",,169.0,,,,
Tente Coleman 8 personnes Octagon Gris,,249.9,,,,
Tente Vaude Sphaerio 3P,,1346.8,,,,
Tente Coleman Octagon 8,,249.9,,,,
Tente de camping gonflable 4 places Raclet FARO 4,,299.0,,"Polyester taffetas 190T/70D enduit polyuréthane, polyester taffetas 190T/70D respirable",,
Tonnelle de camping PAVILLON - Abri de Jardin - Montage facile - Vert,5.0,99.95,,,,
Chariot de transport pliant tout terrain – Micro Beach Wagon,4.67,124.9,,,,
"Tente familiale dôme Korsika 10 - Camping - 3 cabines, 10 personnes - Vert/Beige",,399.0,,,,
Tente Tunnel Camping Nordland Sleeper 6 Personnes - Cabines sombres - Sol cousu,,499.0,,,,
Tente familiale Montana 14 Sleeper – 2 cabines de couchage sombres - 14 pers,,639.0,,,,
Tente Vaude Taurus 2P Vert,,245.1,,,,
Tente Tipi en coton - Freya - 12 personnes - 6 x 4 m – 3m hauteur - Moustiquaire,,1399.0,,,,
Tente KAMPA BRIGHTON 3,,122.0,,,,
Tente dôme Silverstone 6 XXL - Camping - 6 Personnes - Sol Cousu - 3 cabines,,299.0,,,,
"Tente Trekking Kalix 2 - Camping - ultralégère - 2,9 kg - 2 pers. - 1 cabine",,99.95,,,,
Tente tunnel camping - Hafslo 5 Sleeper Protect - 1 cabine - 5 pers - Sol cousu,,399.0,,,,
"Tente tipi Nordisk Asgard 12,6 m²",,917.4,,,,
"Tente familiale Hammerfest 8 Protect - 8 personnes - Sol cousu, 2 cabines - bleu",,299.0,,,,
Tente trekking Tunnel - Hemus Sleeper - Camping - 2 personnes - cabine noire,,74.95,,,,
"Tente dôme Dale - Camping Trekking - 4 Personnes, Technologie Sleeper, légère",,179.0,,,,
Abri solaire UPF50+ instantané enfant 2 places - Vert,,29.9,,Acier,,
"Tente de Camping  Kampa, 4 Personnes",,143.0,,,,
Tente randonnée 2 places Trigano ATLAS,,115.0,,polyester taffetas 68D enduit polyuréthane pour le double toit et façade polyester 190T/68D pour la toile,,
Tente gonflable Outwell Oakdale 5PA,,1399.4,,,,
Robens Tente Klondike Twin,,1997.99,,,,
"Tipii - Tente tipi pour 6 pers - Tapis sol cousu, moustiquaire - 365 cm Ø",3.0,199.0,,,,
Origin Outdoors Tent - Confortable - 1 personne,,109.99,,,,
"Tente Tipi 500 Coton Technique - camping - 10 personnes, tapis de sol cousu",,799.0,,,,
"Tente tipi Nordisk Asgard 7,1 m²",,721.1,,,,
Tente tunnel Kambo 4 Protect - Camping 4 personnes - 1 cabine sombre - Sol cousu,,249.0,,,,
Tente tunnel - Kaupanga recyclé - camping - 6 personnes - 1 cabine - Sol cousu,,379.0,,,,
Tente tunnel - Kaupanga - Tente de camping - 6 personnes - 1 cabine - Sol cousu,,379.0,,,,
Robens Starlight 1,,269.99,,,,
DD Hammocks Sac Organisateur,,36.99,,,,
Abri de plage Trigano,2.67,59.0,,Polyester taffetas 190T/75D enduit polyuréthane,,
Tipi camping Trigano CHEROKEE 350,5.0,221.0,,"Polyester 190T/68D enduit polyuréthane, mât central réglable en acier Ø 25 mm",,
Tente de camping KAMPA MERSEA 3,,170.0,,,,
Tente Coleman Octagon 8 (Verte),,249.9,,,,
Robens Challenger 2,,364.1,,,,
Tente dôme Hammerfest 4 Plus - Camping - 2 cabines - 4 personnes - 2 entrées,,219.0,,,,
Tente Tipii 500 Canvas - tipi 10 pers. - 500 x 500 cm x 300 cm,5.0,999.0,,,,
Tente randonnée JAMET SELLA 2,,198.0,,polyester RIPSTOP 210T/70D enduit polyuréthane,,
Tente dôme camping Skandika Hammerfest 6 Plus - 6 personnes - Cabines sombres,4.0,249.0,,,,
"2 mâts de tente télescopiques 'big' 100-240 cm | Tarp, auvent, voiles d'ombrage",,41.95,,100% aluminium,,
Tente 3 personnes Kobuk Valley 3 Plus - Coleman,,250.0,,,,
Chariot de randonnée Model X-Trek V2 Évolution,,380.0,,,,
Abri de camping Trigano Multifonction,,320.0,,PVC Haute résistance 510gr/m2,,
Tente instantanée Pop-up Trofors Sleeper XL - 3-4 Pers. - Camping - Cabine noire,,229.0,,,,
Tente trekking Tunnel Hemus Sleeper recyclée - Camping - 2 pers - cabine noire,,74.95,,,,
SAC DE TRANSPORT POUR TENTE QUECHUA,3.0,12.0,2.0,,,
Amazonas Traveller Tarp XXL - Bâche de Voyage XXL,,109.99,,,,
Tente de randonnée Ferrino Grit 2 Vert,,276.0,,,,
SAC UNIVERSEL - PIÈCE DÉTACHÉE POUR TENTES ARPENAZ,,20.0,0.299,"Sac de transport - Tissu principal
100% Polyester",,
Tente Vaude Badawi 4P,,824.6,,,,
Tente tunnel Montana 8 Sleeper - 8 personnes - 3 cabines sombres - Sol cousu,,599.0,,,,
Tipi camping Trigano CHEROKEE 500,5.0,331.0,,Polyester 190T/68D enduit polyuréthane,,
Tente tunnel Skandika Egersund 5 personnes – Camping - Sol cousu - Cabine noire,,369.0,,,,
Tente instantanée Pop-up Trofors Sleeper - 2-3 Pers. - Camping - Cabine noire,,169.0,,,,
Tente tunnel Montana 12 Sleeper Protect - 12 personnes - 2 cabines sombres,,669.0,,,,
Auvent camping-car Outwell Touring Canopy,,322.4,,,,
"Tente Tipi 400 Coton Technique - camping - 8 personnes, tapis de sol cousu",,649.0,,,,
Auvent Vaude Drive Trunk,,213.0,,,,
Tente randonnée 4 places Trigano CEYLAN 4XL,,189.0,,polyester taffetas 190/75D enduit polyréthane pour le double toit et polyester taffetas 170T/68D respirable (WR) pour la toile,,
TAMBU Emani 3 personnes tente à montage rapide,,179.0,,"Tente extérieure : 100% polyester recyclé/ Tente intérieure : 100% polyester recyclé/ Sol : 100% PE, Armature : fibre de verre",,
Tente de randonnée Vaude Lizard Seamless 2-3P,,578.3,,,,
Origin Outdoors Tente de Dôme Snugly - 2 Personnes,,199.99,,,,
Tente Tipi camping Comanche - 8 personnes - avec moustiquaire - sable-rouge,,229.0,,,,
Tente de randonnée MSR Hubba Hubba NX Vert,5.0,629.99,,,,
DD Hammocks Tarp 5x5 Vert Olive,,124.99,,,,
"Tente Tipi 300 Coton Technique - camping - 3 personnes, tapis de sol cousu",,499.0,,,,
Auvent Vaude Drive Wing,,339.1,,,,
Tente de randonnée Ferrino Sling 3,,251.0,,,,
Tente Tipi Lodur coton technique - 4 personnes - 290x350cm - Tapis de sol cousu,,799.0,,,,
Tente dôme Namsos Sleeper - Camping - 2 personnes - Sol cousu - double portes,,179.0,,,,
Auvent Vaude Drive Van,,506.8,,,,
Fixation de tentes Outwell Cornières 30 cm,,21.0,,,,
Tente de randonnée Vaude Mark UL 3P,,586.6,,,,
Abri de camping Trigano SILMA QUICK,,89.0,,Polyester taffetas 185T/75D enduit polyuréthane,,
Robens Tente Prospector Shanty - Tente 6 personnes,,899.99,,,,
Origin Outdoors Tente Dome Snugly - 1 Personne,,159.99,,,,
Robens Starlight 2,,309.99,,,,
Auvent camping-car Outwell Milestone Shade,,721.1,,,,
Hi-Output Pompe Manuelle Double Quick III S,,35.95,,,,
Bushmen Thermo Tarp 3x2 - Vert Olive,,52.99,,,,
Tente de randonnée Ferrino Sintesi 2,,292.7,,,,
SAC DE TRANSPORT - PIÈCE DÉTACHÉE POUR LA TENTE AIR SECONDS 4.2 POLYCOTON,,200.0,6.0,"Tissu principal
85% Polyester, 15% Coton",,
DD Hammocks Superlight Tarp 3 - Marron Coyote,,99.99,,,,
Abri solaire UPF50+ instantané moustiquaire bébé - Bleu,,40.9,,Plastique Global,,
Abri solaire UPF50+ instantané petite piscine moustiquaire enfant - Bleu,,72.9,,Plastique Global,,
Tente familiale tunnel Montana 12 Sleeper - 12 personnes - 2 cabines sombres,,599.0,,,,
Wagon Pliable Luvego Bolderkar - Jusqu'à 100KG - Roues Amovibles,,129.95,,,,
Tente de camping Outwell Springwood 6SG,,677.1,,,,
Bushmen CORE-Tent® LODGER - Olive Vert,,179.99,,,,
Tente de randonnée Robens Voyager Versa 4,,619.9,,,,
Robens Tente Klondike Grande PRS,,1124.99,,,,
Robens Tente Tunnel pour Deux Personnes Nordic Lynx 2,,570.99,,,,
"Tente familiale tunnel Montana 10 Sleeper Protect - 10 personnes,cabines sombres",,649.0,,,,
Pare-vent Trigano,,61.0,,"Polyester 190T, acier Ø 16 mm",,
Tente Galiano Bleue - 2 personnes,,63.9,,,,
Tente de randonnée MSR Carbon Reflex 3,,937.7,,,,
Tente gonflable Robens Vista 400,,1316.1,,,,
Tent&moi vache,,439.0,,"Coton respirant 200 gr/m2, polycoton 140 gr/m², 2 mâts + 1 faitière acier zingué Ø 20",,
Tente gonflable Outwell Avondale 4PA,,1182.8,,,,
Tente de camping Ferrino Fenix 5,,639.0,,,,
Tente Tipii 400 Canvas - tipi 8 pers.  - 400 x 400 x 250 cm,,799.0,,,,
Tente de randonnée MSR FreeLite 2 Verte,,614.0,,,,
Abri de camping UPF50+ enfant 2 places - Bleu,,39.9,,Textile,,
Amazonas Adventure Tarp - Léger - Hexagonal,,179.99,,,,
Bushmen Thermo Tarp 3x3 - Vert Olive,,74.99,,,,
Bushmen Vagabond Filet Anti-Insectes,,51.99,,,,
Tente de camping Outwell Earth 3,,179.6,,,,
Piquets Outwell Super U x20,,47.9,,,,
Tente de randonnée MSR Elixir 3 Vert,,489.99,,,,
"Tente tipi Nordisk Alfheim 12,6 m² Polycoton",,836.5,,,,
Montegra Tente tunnel de camping pour 4 adultes - Vert,,429.99,,"50% Polyester, 50% Polyethylene",,
Tente de camping Tipii II - 8 Personnes - Parois latérales enroulables - Beige,4.0,229.0,,,,
Tente de camping Outwell Cloud 5,,280.8,,,,
Tente de randonnée MSR Habitude 6,,614.0,,,,
Piquets Outwell Tarzan Rock 23 cm,,17.2,,,,
Robens Tente Klondike PRS - Tente 6 personnes,,854.99,,,,
Amazonas Ultra-Light Travel Tarp (Imprimé Forêt),,99.99,,,,
Tente tipi Robens Fairbanks Grande,,998.99,,,,
Robens Chaser 2 - Tente pour Deux Personnes,,476.99,,,,
Amazonas Ultra-Light Traveler Tarp (Vert Forêt),,77.99,,,,
Piquets Outwell Acier 18 cm x10,,16.5,,,,
Robens Tente Pioneer 4EX,,399.99,,,,
Tente de randonnée MSR Hubba Hubba NX Gris,,614.0,,,,
DD Hammocks Tarp M - Vert Olive,,56.99,,,,
Tente Robens Klondike,,1097.99,,,,
Fixation de tentes Outwell Cornières 24 cm,,19.5,,,,
Tente de randonnée MSR Hubba NX Vert,,593.8,,,,
Nemo Equipment Tente de Randonnée 2 Personnes Aurora - Avec Empreinte de Pied,,349.99,,,,
Chariot roulant de camping large pour adulte - Le noir,,25.75,,"80% Acier, 10% Polyester, 5% Plastiques, 5% Caoutchouc",,
Tente de randonnée MSR Elixir 3 Gris,,502.8,,,,
Tente de randonnée MSR Tindheim 3,,614.0,,,,
Tente gonflable Outwell Avondale 5PA,,1195.9,,,,
Tente de randonnée MSR Tindheim 2,,512.9,,,,
Tente de randonnée MSR Elixir 1 Vert,,320.7,,,,
Tente familiale tunnel Montana 10 Sleeper Protect - 10 pers. - 580 x 410 cm,,649.0,,,,
Tente Coleman KOBUK VALLEY 4 PLUS,,129.9,,,,
Tente de randonnée MSR FreeLite 3 Verte,,755.6,,,,
Tente de camping Outwell Nevada 4PE,,815.1,,,,
Tente de camping Outwell Springwood 4SG,,520.0,,,,
Tente gonflable Outwell Parkdale 4PA,,1181.6,,,,
Robens Voyager 2EX,,404.99,,,,
DD Hammocks Tarp S - Marron Coyote,,55.99,,,,
7 Piquets de tente en acier (Argent),,9.95,,,,
Bushmen Thermo Tarp 4x3 - Camouflage camouflage,,94.99,,,,
Tente Robens Fairbanks,,849.99,,,,
Robens Tente Chinook Ursa PRS - Huit Personnes,,998.99,,,,
Robens Tente Pioneer 2EX,,314.99,,,,
Robens Tente Challenger 3XE,,350.99,,,,
DD Hammocks Pinces à linge robustes - 12 pièces,,42.99,,,,
Nemo Equipment Tente de Randonnée Ultralégère Hornet OSMO 3P - Tentes de Camping,,629.99,,,,
Robens Lodge 2,,327.99,,,,
Maillet en bois Outwell 12 oz,,20.3,,,,
Maillet MSR,,53.6,,,,
Tente de camping Outwell Earth 2,,136.3,,,,
Kit haubanage Vango 500 cm,,19.8,,,,
Kit fixation et entretien Outwell,,34.7,,,,
Piquets MSR Core,,53.6,,,,
Maillet Outwell 12 oz,,20.3,,,,
Piquets 24 cm x10 Outwell,,17.1,,,,
Piquets MSR Groundhog,,37.3,,,,
Maillet en bois Outwell 16 oz,,22.7,,,,
Cornières pour tentes Outwell 18 cm,,17.4,,,,
Tarp Robens Trail Tarp 3 x 3 m,,122.5,,,,
Tarp Robens 4 x 4 m Polycoton,,423.6,,,,
Tente de randonnée MSR Mutha Hubba NX Gris,,806.2,,,,
Piquets Outwell Guyline x14,,31.1,,,,
Tente de randonnée MSR Elixir 2 Gris,,411.7,,,,
Kolima v2 Tente de camping pour 6 adultes - Gris,,1200.0,,,,
Tente de randonnée MSR Elixir 4 Gris,,654.5,,,,
Kolima V2 Tente de camping pour 4 adultes - Gris,,900.0,,,,
Tente de randonnée MSR Mutha Hubba NX Vert,,806.2,,,,
Piquet Piquet Highlander,,3.5,,,,
Piquets de tente MSR Carbon-Core,,58.7,,,,
Tente de randonnée MSR Elixir 4 Vert,,654.5,,,,
Tente de randonnée MSR FreeLite 3 Sahara,,755.6,,,,
Tente de camping Outwell Ashwood 3,,609.2,,,,
Tente de camping Outwell Nevada 5PE,,830.6,,,,
Tente de randonnée MSR FreeLite 2 Sahara,,614.0,,,,
MSR Tente Elixir 2 - Vert V2,,411.7,,,,
Tente gonflable Outwell Jacksondale 5PA,,1756.3,,,,
Amazonas Corde d'Aventure,,41.99,,,,
Tente Vaude Campo Grande 3-4P Terracotta,,268.9,,,,
Amazonas Tarp Adventure Wing,,199.99,,,,
Bushmen Tarp Ultraléger 4x3 - Olive Foncé,,149.99,,,,
DD Hammocks Tarp 3.5x3.5m Bâche 3.5x3.5m,,81.99,,,,
Bushmen Thermo Tarp 3x2 - Camouflage Camouflé,,64.99,,,,
DD Hammocks Superlight Tarp XL - Vert Olive,,114.99,,,,
DD Hammocks Tarp XL - Marron Coyote,,66.99,,,,
Bushmen Thermo Tarp 3x3 - Camouflage camouflage,,84.99,,,,
Bushmen Tarp Ultraléger 3x3 - Olive Foncé,,124.99,,,,
Bushmen Thermo Tarp 4x4 - Vert Olive,,109.99,,,,
Toaks Épingles à Cheveux en Forme de V en Titane - 6 Pièces - Grandes,,41.99,,,,
Toaks Boucles d'oreilles en Titane avec Crochet - 6 Pièces,,33.99,,,,
Amazonas Tente/Tarp Wing,,124.99,,,,
Bushmen CORE-Tent® LODGER - Coyote gris,,179.99,,,,
Bushmen Thermo Tarp 4x3 - Vert Olive,,84.99,,,,
Bushmen Système de Suspension de Hamac Ultraléger,,51.99,,,,
DD Hammocks Tarp 4x4 - Multicam (Multicamouflage),,94.99,,,,
Nemo Equipment Airpin Tent Pegs - 4 Pièces,,35.99,,,,
Amazonas Hamac de Gear/Sol,,32.99,,,,
DD Hammocks Tarp 3.5x3.5 Marron Coyote,,68.99,,,,
DD Hammocks Superlight Tarp S - Vert Olive,,74.99,,,,
DD Hammocks Tarp 3.5x3.5 Vert Olive,,68.99,,,,
DD Hammocks Sleeve de Hamac - Multicam,,23.99,,,,
Nemo Equipment Sac de Pompe Vortex,,41.99,,,,
Robens Tente pour Quatre Personnes Nordic Lynx 4,,449.99,,,,
Bushmen HIDEOUT Thermo Multi Bivvy Bag - Camouflage,,84.99,,,,
DD Hammocks Tarp 4x4 - Marron Coyote,,74.99,,,,
Robens Y-Stake Piquet,,22.99,,,,
Robens Tarp PRS Twin Summit,,287.99,,,,
Robens Goshawk 2,,449.99,,,,
Robens Ligne de coupe réfléchissante 2.5 mm,,26.99,,,,
Bushmen Ensemble de Sling Whoopie PRO,,33.99,,,,
Robens Tarp Wing,,144.99,,,,
Robens Tente Goshawk 4 - Quatre Personnes,,399.99,,,,
Robens Anneaux U en Acier - 6 Pièces,,26.99,,,,
Robens Guyline Réfléchissant 4.5mm,,28.99,,,,
DD Hammocks Tree Huggers XL Long - 3 mètres,,27.99,,,,
Robens Tarp 4 x 4 m - Bâche 4 x 4 m,,152.99,,,,
Robens Sac à Pompe 25L,,33.99,,,,
"Robens Serrures Sheerline 4,5 mm",,26.99,,,,
Robens Tente de Tarp Track,,228.99,,,,
Bushmen HIDEOUT Thermo Multi Bivvy Bag - Olive Vert,,74.99,,,,
Bushmen Piquets Ultralight Twister 6 Pack,,27.99,,,,
Intex Mini Pompe Manuelle Double Quick,,29.95,,,,
Ticket to the Moon Moonstrap/Treehuggers - Système de Suspension de Hamac,,27.95,,Nylon parachute,,
Tente de randonnée Ferrino Tenere 3,,304.5,,,,
Tente Coleman - Oak Canyon 4 Blackout - 4 Personnes,,314.9,,,,
Tente Galiano 4 Pop Up - 4 Personnes,,104.9,,,,
Tente Vaude Campo Grande XT 4P Vert,,353.4,,,,
Tente dôme de trekking - 1 place - MT900,4.48,180.0,1.4,"Tissu principal
80% Polyester, 20% Polyuréthane thermoplastique
Chambre intérieure
65% Polyamide, 35% Polyester
Arceau
100% Aluminium","Poids total 1,3 kg
Housse compacte & compressible 4,2 L
Dimensions 39 x11 x10 cm","Largeur 60 cm par personne.
Hauteur chambre 95 cm.
1 porte 1 abside 3 poches"
Tente de camping - MH100 - 4 places,4.64,65.0,4.545,"Tissu principal
75% Polyester, 25% Polyéthylène
Arceau
100% Fibre de verre
Piquet
100% Acier","Dimensions de la housse : 59 cm x 20 cm x 18 cm / 21 L. Poids : 4,65 kg","Chambre 260 X 210 cm.
Hauteur max. utile : 137 cm.
Surface: 6 m²"
CHARIOT DE TRANSPORT TOUT TERRAIN POUR MATÉRIEL DE CAMPING - TROLLEY ALL ROAD,4.52,130.0,11.4,"Cadre
100% Acier
Tissu principal
50% Polyester, 50% Polyéthylène
Roues de rollers
80% Polyéthylène, 20% Caoutchouc synthétique
Poignée
100% Acrylonitrile butadiène styrène",,
Tente tarp de trekking - 2 places - MT900,4.115,190.0,1.3,"Tissu principal
50% Polyester, 50% Polyamide","Poids total 1,3 kg. Housse compacte & compressible 4 L. Dimensions 35 x12 x11 cm",Largeur 60 cm par personne. Hauteur chambre 95 cm. 2 portes. 2 absides. 2 poches
Abri de camping instantané - 2 places - 2 seconds easy 2P XL fresh,4.76,65.0,2.6,"Tissu principal
100% Polyester
Structure métallique
50% Polyoxyméthylène, 50% Fibre de verre
Tapis de sol
100% Polyéthylène",Facile à ranger et à transporter dans sa housse munie d'une sangle de portage,"Spacieux, abrite facilement 2 adultes | Dimensions en cm : 200x100x115 hauteur"
Tente tunnel de trekking - 2 places - MT900 Ultralight,4.05,250.0,1.75,"Tissu principal
80% Polyester, 20% Polyuréthane thermoplastique
Tissu intérieur
80% Polyamide, 20% Polyuréthane thermoplastique
Arceau
100% Aluminium","Poids total 1,75 kg
Housse compacte & compressible 5 L
Dimensions 39 x12 x11 cm","Largeur 60 cm par personne
Hauteur chambre 95 cm
2 portes. 1 abside. 2 poches."
Abri de camping instantané - 1 adulte ou 2 enfants - 2 Seconds 1P,4.48,30.0,1.4,"Tissu principal
100% Polyester
Tapis de sol
100% Polyéthylène
Arceau
100% Fibre de verre","Format plié : disque de 56 cm | Sangle de portage I Poids : 1,1 kg.",​Abrite 1 adulte ou 2 enfants | Largeur 105cm I Profondeur 145cm I Hauteur 110cm
SOUS MATELAS ANTI-CONDENSATION POUR TENTE DE TOIT MH500 2P,4.75,60.0,1.5,"Tissu principal
100% Polyester",,
Abri de camping instantané 2 places - 2 seconds 2P Fresh,4.42,40.0,1.394,"Tissu principal
100% Polyester
Tapis de sol
100% Polyéthylène
Arceau
100% Fibre de verre
Sac de transport
100% Polyester","Format plié : disque de 56 cm | Sangle de portage | Poids : 1,5 kg","Spacieux, abrite 2 adultes | Largeur 130cm I Profondeur 150cm I Hauteur 110cm"
Tente dôme de trekking - 2 places - MT100,3.63,100.0,2.6,"Tissu principal
100% Polyester
Tissu intérieur
100% Polyester
Tapis de sol
100% Polyester
Arceau
100% Aluminium
Enduction
100% Polyuréthane
Sac de transport
100% Polyester","Poids total 2,6 kg.
Housse compacte & compressible 10 L
Dimensions 39x13x14 cm","Largeur 60 cm par personne
Hauteur chambre 105 cm
1 porte. 1 abside. 2 poches."
AUVENT CONNECTE POUR TENTE DE TOIT MH500 2P,4.88,270.0,8.84,"Tissu principal
100% Polyester
Tapis de sol
80% Polychlorure de vinyle, 20% Polyester
Arceau
100% Fibre de verre
Piquet
100% Acier",,Permet d'obtenir entre 4m² et 10m² de surface protégée suivant configuration.
Tente dôme de trekking - 3 places - MT500 Fresh & Black,3.47,180.0,3.85,"Tissu principal
100% Polyester
Arceau
100% Aluminium","Poids total 3,95 kg.
Housse de compression 14 litres.
Dimensions 39x20x19 cm","largeur 60 cm par personne.
Hauteur chambre 119 cm.
2 portes 2 absides 6 poches"
TENTE DE TREKKING LIGHTENT PRO 1 P VERTE 2022,3.5,200.0,1.65,,"Poids total : 1,55 kg. Poids mini : 1,30 kg","Largeur 80 cm, longueur 215 cm. 1 porte et 1 grande abside."
"POMPE À MAIN DOUBLE ACTION 5,2 L ET 7 PSI - RECOMMANDÉE POUR TENTE GONFLABLE",4.64,22.0,1.05,"Chassis
100% Polypropylène
Barre
100% Aluminium",Poids : 930 g | Encombrement : 13 L,
Bushmen Cordes de tension ultralégères - Orange,,28.99,,,,
"Abri de camping 4 places - Base Easy Fresh - polyvalent, instantané à arceaux",3.71,63.0,3.5,"Tissu principal
100% Polyester
Arceau
100% Fibre de verre
Tapis de sol
100% Polyéthylène
Sac de transport
100% Polyester","Plié dans la housse, Longueur : 90 cm, Diamètre : 18 cm | 23 litres | 3.5 kg","Spacieux, pour 4 personnes | Dimensions : 190 x 190 x 140 cm de hauteur"
Tente lightent 2 PRO,,280.0,1.0,,"Poids total : 1,95 kg. Eléments séparables. Poids mini : 1,75 kg","Largeur 120 cm, longueur 225 cm. 1 porte et 1 grande abside."
HOUSSE PIÈCE DÉTACHÉE POUR LES TENTES DE TREK,4.0,10.0,0.08,"Tissu principal
100% Polyester",,
Tente lightent 3 PRO,,320.0,1.0,,"Poids total : 2,8 kg. Eléments séparables. Poids mini : 2,6 kg","Largeur 160 cm, longueur 235 cm. 2 portes et 2 grandes absides."
POCHE A CHAUSSURES AMOVIBLE POUR TENTE DE TOIT MH500 2P,4.5,15.0,0.12,"Tissu principal
100% Polyester",,
HOUSSE DE RANGEMENT POUR TENTE DE CAMPING - TAILLE S,2.5,10.0,0.4,"Sac de transport - Tissu principal
100% Polyester",,
HOUSSE DE RANGEMENT POUR TENTE DE CAMPING - TAILLE M,5.0,12.0,0.4,"Sac de transport - Tissu principal
100% Polyester",,
RÉPARATION POUR HAUBAN - TARP DE CAMPING QUECHUA,5.0,5.0,0.025,"Sangle
100% Polyester
Bouclerie
100% Polypropylène",,
